@,dirka,mal,2024
1,25,F. Bagnaia,DUCATI LENOVO TEAM,2284.563
2,20,J. Martin,PRIMA PRAMAC RACING,2287.704
3,16,E. Bastianini,DUCATI LENOVO TEAM,2295.047
4,13,A. Marquez,GRESINI RACING MOTOGP,2296.793
5,11,P. Acosta,RED BULL GASGAS TECH3,2298.262
6,10,F. Quartararo,MONSTER ENERGY YAMAHA MOTOGP TEAM,2300.808
7,9,M. Vinales,APRILIA RACING,2304.010
8,8,A. Rins,MONSTER ENERGY YAMAHA MOTOGP TEAM,2305.174
9,7,M. Bezzecchi,PERTAMINA ENDURO VR46 RACING TEAM,2306.557
10,6,A. Fernandez,RED BULL GASGAS TECH3,2306.737
11,5,J. Zarco,CASTROL HONDA LCR,2310.188
12,4,M. Marquez,GRESINI RACING MOTOGP,2311.839
13,3,A. Espargaro,APRILIA RACING,2312.167
14,2,F. Morbidelli,PRIMA PRAMAC RACING,2312.512
15,1,L. Marini,REPSOL HONDA TEAM,2313.401
16,0,R. Fernandez,TRACKHOUSE RACING,2323.410
17,0,A. Iannone,PERTAMINA ENDURO VR46 RACING TEAM,2332.162
18,0,L. Savadori,TRACKHOUSE RACING,2333.519
@,dirka,tha,2024
1,25,F. Bagnaia,DUCATI LENOVO TEAM,2618.108
2,20,J. Martin,PRIMA PRAMAC RACING,2621.013
3,16,P. Acosta,RED BULL GASGAS TECH3,2621.908
4,13,F. Giannantonio,PERTAMINA ENDURO VR46 RACING TEAM,2622.744
5,11,J. Miller,RED BULL KTM FACTORY RACING,2623.640
6,10,B. Binder,RED BULL KTM FACTORY RACING,2624.006
7,9,M. Vinales,APRILIA RACING,2626.606
8,8,J. Zarco,CASTROL HONDA LCR,2635.780
9,7,A. Espargaro,APRILIA RACING,2636.696
10,6,A. Marquez,GRESINI RACING MOTOGP,2639.271
11,5,M. Marquez,GRESINI RACING MOTOGP,2640.359
12,4,L. Marini,REPSOL HONDA TEAM,2640.967
13,3,T. Nakagami,IDEMITSU HONDA LCR,2642.639
14,2,E. Bastianini,DUCATI LENOVO TEAM,2645.198
15,1,J. Mir,REPSOL HONDA TEAM,2648.978
16,0,F. Quartararo,MONSTER ENERGY YAMAHA MOTOGP TEAM,2668.129
@,dirka,aus,2024
1,25,M. Marquez,GRESINI RACING MOTOGP,2387.702
2,20,J. Martin,PRIMA PRAMAC RACING,2388.699
3,16,F. Bagnaia,DUCATI LENOVO TEAM,2397.802
4,13,F. Giannantonio,PERTAMINA ENDURO VR46 RACING TEAM,2400.699
5,11,E. Bastianini,DUCATI LENOVO TEAM,2401.012
6,10,F. Morbidelli,PRIMA PRAMAC RACING,2403.136
7,9,B. Binder,RED BULL KTM FACTORY RACING,2403.152
8,8,M. Vinales,APRILIA RACING,2404.338
9,7,F. Quartararo,MONSTER ENERGY YAMAHA MOTOGP TEAM,2406.459
10,6,R. Fernandez,TRACKHOUSE RACING,2407.047
11,5,J. Miller,RED BULL KTM FACTORY RACING,2407.634
12,4,J. Zarco,CASTROL HONDA LCR,2407.997
13,3,A. Rins,MONSTER ENERGY YAMAHA MOTOGP TEAM,2409.912
14,2,L. Marini,REPSOL HONDA TEAM,2411.941
15,1,A. Marquez,GRESINI RACING MOTOGP,2412.293
16,0,A. Espargaro,APRILIA RACING,2418.201
17,0,A. Fernandez,RED BULL GASGAS TECH3,2418.235
18,0,T. Nakagami,IDEMITSU HONDA LCR,2418.467
19,0,M. Bezzecchi,PERTAMINA ENDURO VR46 RACING TEAM,2433.095
@,dirka,jpn,2024
1,25,F. Bagnaia,DUCATI LENOVO TEAM,2529.790
2,20,J. Martin,PRIMA PRAMAC RACING,2530.979
3,16,M. Marquez,GRESINI RACING MOTOGP,2533.612
4,13,E. Bastianini,DUCATI LENOVO TEAM,2534.148
5,11,F. Morbidelli,PRIMA PRAMAC RACING,2547.730
6,10,B. Binder,RED BULL KTM FACTORY RACING,2548.292
7,9,M. Bezzecchi,PERTAMINA ENDURO VR46 RACING TEAM,2549.161
8,8,F. Giannantonio,PERTAMINA ENDURO VR46 RACING TEAM,2549.989
9,7,A. Espargaro,APRILIA RACING,2560.232
10,6,J. Miller,RED BULL KTM FACTORY RACING,2560.974
11,5,J. Zarco,CASTROL HONDA LCR,2561.357
12,4,F. Quartararo,MONSTER ENERGY YAMAHA MOTOGP TEAM,2562.089
13,3,T. Nakagami,IDEMITSU HONDA LCR,2562.793
14,2,L. Marini,REPSOL HONDA TEAM,2565.764
15,1,R. Fernandez,TRACKHOUSE RACING,2569.111
16,0,A. Rins,MONSTER ENERGY YAMAHA MOTOGP TEAM,2570.629
17,0,R. Gardner,YAMAHA FACTORY RACING TEAM,2589.337
@,dirka,ina,2024
1,25,J. Martin,PRIMA PRAMAC RACING,2464.389
2,20,P. Acosta,RED BULL GASGAS TECH3,2465.793
3,16,F. Bagnaia,DUCATI LENOVO TEAM,2469.984
4,13,F. Morbidelli,PRIMA PRAMAC RACING,2470.896
5,11,M. Bezzecchi,PERTAMINA ENDURO VR46 RACING TEAM,2471.161
6,10,M. Vinales,APRILIA RACING,2475.719
7,9,F. Quartararo,MONSTER ENERGY YAMAHA MOTOGP TEAM,2477.592
8,8,B. Binder,RED BULL KTM FACTORY RACING,2479.251
9,7,J. Zarco,CASTROL HONDA LCR,2479.540
10,6,R. Fernandez,TRACKHOUSE RACING,2485.468
11,5,A. Rins,MONSTER ENERGY YAMAHA MOTOGP TEAM,2498.022
12,4,T. Nakagami,IDEMITSU HONDA LCR,2508.085
@,dirka,emi,2024
1,25,E. Bastianini,DUCATI LENOVO TEAM,2474.653
2,20,J. Martin,PRIMA PRAMAC RACING,2479.655
3,16,M. Marquez,GRESINI RACING MOTOGP,2482.501
4,13,M. Bezzecchi,PERTAMINA ENDURO VR46 RACING TEAM,2483.853
5,11,F. Morbidelli,PRIMA PRAMAC RACING,2488.254
6,10,M. Vinales,APRILIA RACING,2490.137
7,9,F. Quartararo,MONSTER ENERGY YAMAHA MOTOGP TEAM,2495.575
8,8,A. Espargaro,APRILIA RACING,2497.448
9,7,A. Marquez,GRESINI RACING MOTOGP,2502.357
10,6,M. Oliveira,TRACKHOUSE RACING,2506.544
11,5,J. Mir,REPSOL HONDA TEAM,2507.715
12,4,L. Marini,REPSOL HONDA TEAM,2510.064
13,3,R. Fernandez,TRACKHOUSE RACING,2510.988
14,2,F. Giannantonio,PERTAMINA ENDURO VR46 RACING TEAM,2512.048
15,1,J. Zarco,CASTROL HONDA LCR,2513.562
16,0,J. Miller,RED BULL KTM FACTORY RACING,2515.107
17,0,T. Nakagami,IDEMITSU HONDA LCR,2521.047
18,0,A. Fernandez,RED BULL GASGAS TECH3,2522.408
19,0,B. Binder,RED BULL KTM FACTORY RACING,2560.571
@,dirka,rsm,2024
1,25,M. Marquez,GRESINI RACING MOTOGP,2512.083
2,20,F. Bagnaia,DUCATI LENOVO TEAM,2515.185
3,16,E. Bastianini,DUCATI LENOVO TEAM,2517.511
4,13,B. Binder,RED BULL KTM FACTORY RACING,2526.268
5,11,M. Bezzecchi,PERTAMINA ENDURO VR46 RACING TEAM,2528.808
6,10,A. Marquez,GRESINI RACING MOTOGP,2529.665
7,9,F. Quartararo,MONSTER ENERGY YAMAHA MOTOGP TEAM,2529.725
8,8,J. Miller,RED BULL KTM FACTORY RACING,2531.410
9,7,F. Giannantonio,PERTAMINA ENDURO VR46 RACING TEAM,2540.029
10,6,P. Espargaro,RED BULL KTM FACTORY RACING,2550.864
11,5,M. Oliveira,TRACKHOUSE RACING,2558.469
12,4,J. Zarco,CASTROL HONDA LCR,2574.720
13,3,T. Nakagami,IDEMITSU HONDA LCR,2582.800
14,2,S. Bradl,HRC TEST TEAM,2589.630
15,1,J. Martin,PRIMA PRAMAC RACING,2512.083
16,0,M. Vinales,APRILIA RACING,2512.083
17,0,P. Acosta,RED BULL GASGAS TECH3,2512.083
18,0,R. Fernandez,TRACKHOUSE RACING,2512.083
19,0,A. Rins,MONSTER ENERGY YAMAHA MOTOGP TEAM,2512.083
@,dirka,ara,2024
1,25,M. Marquez,GRESINI RACING MOTOGP,2507.082
2,20,J. Martin,PRIMA PRAMAC RACING,2511.871
3,16,P. Acosta,RED BULL GASGAS TECH3,2521.986
4,13,B. Binder,RED BULL KTM FACTORY RACING,2523.541
5,11,E. Bastianini,DUCATI LENOVO TEAM,2525.858
6,10,F. Morbidelli,PRIMA PRAMAC RACING,2527.631
7,9,M. Bezzecchi,PERTAMINA ENDURO VR46 RACING TEAM,2531.841
8,8,F. Giannantonio,PERTAMINA ENDURO VR46 RACING TEAM,2544.241
9,7,A. Rins,MONSTER ENERGY YAMAHA MOTOGP TEAM,2546.502
10,6,A. Espargaro,APRILIA RACING,2547.684
11,5,T. Nakagami,IDEMITSU HONDA LCR,2548.864
12,4,A. Fernandez,RED BULL GASGAS TECH3,2549.165
13,3,J. Zarco,CASTROL HONDA LCR,2550.346
14,2,J. Mir,REPSOL HONDA TEAM,2556.817
15,1,J. Miller,RED BULL KTM FACTORY RACING,2563.048
16,0,R. Fernandez,TRACKHOUSE RACING,2580.404
17,0,L. Marini,REPSOL HONDA TEAM,2619.468
@,dirka,aut,2024
1,25,F. Bagnaia,DUCATI LENOVO TEAM,2531.173
2,20,J. Martin,PRIMA PRAMAC RACING,2534.405
3,16,E. Bastianini,DUCATI LENOVO TEAM,2538.530
4,13,M. Marquez,GRESINI RACING MOTOGP,2545.009
5,11,B. Binder,RED BULL KTM FACTORY RACING,2549.793
6,10,M. Bezzecchi,PERTAMINA ENDURO VR46 RACING TEAM,2552.379
7,9,M. Vinales,APRILIA RACING,2555.495
8,8,F. Morbidelli,PRIMA PRAMAC RACING,2558.850
9,7,A. Espargaro,APRILIA RACING,2560.002
10,6,A. Marquez,GRESINI RACING MOTOGP,2561.441
11,5,P. Espargaro,RED BULL KTM FACTORY RACING,2561.699
12,4,M. Oliveira,TRACKHOUSE RACING,2561.875
13,3,P. Acosta,RED BULL GASGAS TECH3,2564.909
14,2,T. Nakagami,IDEMITSU HONDA LCR,2567.483
15,1,A. Fernandez,RED BULL GASGAS TECH3,2567.695
16,0,A. Rins,MONSTER ENERGY YAMAHA MOTOGP TEAM,2568.744
17,0,J. Mir,REPSOL HONDA TEAM,2571.605
18,0,F. Quartararo,MONSTER ENERGY YAMAHA MOTOGP TEAM,2574.961
19,0,J. Miller,RED BULL KTM FACTORY RACING,2575.307
20,0,L. Savadori,APRILIA RACING,2575.749
21,0,J. Zarco,CASTROL HONDA LCR,2585.299
22,0,S. Bradl,HRC TEST TEAM,2586.096
@,dirka,gbr,2024
1,25,E. Bastianini,DUCATI LENOVO TEAM,2391.879
2,20,J. Martin,PRIMA PRAMAC RACING,2393.810
3,16,F. Bagnaia,DUCATI LENOVO TEAM,2397.745
4,13,M. Marquez,GRESINI RACING MOTOGP,2398.785
5,11,F. Giannantonio,PERTAMINA ENDURO VR46 RACING TEAM,2399.615
6,10,A. Espargaro,APRILIA RACING,2401.393
7,9,A. Marquez,GRESINI RACING MOTOGP,2401.620
8,8,M. Bezzecchi,PERTAMINA ENDURO VR46 RACING TEAM,2405.895
9,7,P. Acosta,RED BULL GASGAS TECH3,2408.265
10,6,F. Morbidelli,PRIMA PRAMAC RACING,2415.488
11,5,F. Quartararo,MONSTER ENERGY YAMAHA MOTOGP TEAM,2416.081
12,4,J. Miller,RED BULL KTM FACTORY RACING,2417.646
13,3,M. Vinales,APRILIA RACING,2418.630
14,2,J. Zarco,CASTROL HONDA LCR,2418.832
15,1,T. Nakagami,IDEMITSU HONDA LCR,2429.157
16,0,A. Fernandez,RED BULL GASGAS TECH3,2429.484
17,0,L. Marini,REPSOL HONDA TEAM,2439.386
18,0,R. Gardner,MONSTER ENERGY YAMAHA MOTOGP TEAM,2451.016
@,dirka,ger,2024
1,25,F. Bagnaia,DUCATI LENOVO TEAM,2440.063
2,20,M. Marquez,GRESINI RACING MOTOGP,2443.867
3,16,A. Marquez,GRESINI RACING MOTOGP,2444.397
4,13,E. Bastianini,DUCATI LENOVO TEAM,2445.380
5,11,F. Morbidelli,PRIMA PRAMAC RACING,2445.620
6,10,M. Oliveira,TRACKHOUSE RACING,2450.544
7,9,P. Acosta,RED BULL GASGAS TECH3,2454.809
8,8,M. Bezzecchi,PERTAMINA ENDURO VR46 RACING TEAM,2454.993
9,7,B. Binder,RED BULL KTM FACTORY RACING,2455.147
10,6,R. Fernandez,TRACKHOUSE RACING,2456.447
11,5,F. Quartararo,MONSTER ENERGY YAMAHA MOTOGP TEAM,2457.298
12,4,M. Vinales,APRILIA RACING,2458.928
13,3,J. Miller,RED BULL KTM FACTORY RACING,2465.488
14,2,T. Nakagami,IDEMITSU HONDA LCR,2465.880
15,1,L. Marini,REPSOL HONDA TEAM,2465.917
16,0,A. Fernandez,RED BULL GASGAS TECH3,2481.558
17,0,J. Zarco,CASTROL HONDA LCR,2482.015
18,0,J. Mir,REPSOL HONDA TEAM,2483.208
19,0,R. Gardner,MONSTER ENERGY YAMAHA MOTOGP TEAM,2490.178
20,0,S. Bradl,HRC TEST TEAM,2499.110
@,dirka,ned,2024
1,25,F. Bagnaia,DUCATI LENOVO TEAM,2407.214
2,20,J. Martin,PRIMA PRAMAC RACING,2410.890
3,16,E. Bastianini,DUCATI LENOVO TEAM,2414.287
4,13,F. Giannantonio,PERTAMINA ENDURO VR46 RACING TEAM,2415.513
5,11,M. Vinales,APRILIA RACING,2415.472
6,10,B. Binder,RED BULL KTM FACTORY RACING,2423.219
7,9,A. Marquez,GRESINI RACING MOTOGP,2428.309
8,8,R. Fernandez,TRACKHOUSE RACING,2429.582
9,7,F. Morbidelli,PRIMA PRAMAC RACING,2430.627
10,6,M. Marquez,GRESINI RACING MOTOGP,2431.082
11,5,J. Miller,RED BULL KTM FACTORY RACING,2431.218
12,4,F. Quartararo,MONSTER ENERGY YAMAHA MOTOGP TEAM,2431.271
13,3,J. Zarco,CASTROL HONDA LCR,2449.981
14,2,A. Fernandez,RED BULL GASGAS TECH3,2450.085
15,1,M. Oliveira,TRACKHOUSE RACING,2451.643
16,0,T. Nakagami,IDEMITSU HONDA LCR,2453.460
17,0,L. Marini,REPSOL HONDA TEAM,2478.151
@,dirka,ita,2024
1,25,F. Bagnaia,DUCATI LENOVO TEAM,2451.385
2,20,E. Bastianini,DUCATI LENOVO TEAM,2452.184
3,16,J. Martin,PRIMA PRAMAC RACING,2452.309
4,13,M. Marquez,GRESINI RACING MOTOGP,2453.449
5,11,P. Acosta,RED BULL GASGAS TECH3,2458.886
6,10,F. Morbidelli,PRIMA PRAMAC RACING,2461.275
7,9,F. Giannantonio,PERTAMINA ENDURO VR46 RACING TEAM,2461.461
8,8,M. Vinales,APRILIA RACING,2463.068
9,7,A. Marquez,GRESINI RACING MOTOGP,2464.920
10,6,B. Binder,RED BULL KTM FACTORY RACING,2467.286
11,5,A. Espargaro,APRILIA RACING,2470.567
12,4,R. Fernandez,TRACKHOUSE RACING,2471.692
13,3,M. Bezzecchi,PERTAMINA ENDURO VR46 RACING TEAM,2471.731
14,2,M. Oliveira,TRACKHOUSE RACING,2474.677
15,1,A. Rins,MONSTER ENERGY YAMAHA MOTOGP TEAM,2474.998
16,0,J. Miller,RED BULL KTM FACTORY RACING,2479.802
17,0,P. Espargaro,RED BULL KTM FACTORY RACING,2480.163
18,0,F. Quartararo,MONSTER ENERGY YAMAHA MOTOGP TEAM,2482.007
19,0,J. Zarco,CASTROL HONDA LCR,2482.842
20,0,L. Marini,REPSOL HONDA TEAM,2483.695
21,0,L. Savadori,APRILIA RACING,2498.109
@,dirka,cat,2024
1,25,F. Bagnaia,DUCATI LENOVO TEAM,2411.726
2,20,J. Martin,PRIMA PRAMAC RACING,2413.466
3,16,M. Marquez,GRESINI RACING MOTOGP,2422.217
4,13,A. Espargaro,APRILIA RACING,2422.269
5,11,F. Giannantonio,PERTAMINA ENDURO VR46 RACING TEAM,2427.167
6,10,R. Fernandez,TRACKHOUSE RACING,2427.642
7,9,A. Marquez,GRESINI RACING MOTOGP,2428.608
8,8,B. Binder,RED BULL KTM FACTORY RACING,2430.304
9,7,F. Quartararo,MONSTER ENERGY YAMAHA MOTOGP TEAM,2432.203
10,6,M. Oliveira,TRACKHOUSE RACING,2432.615
11,5,M. Bezzecchi,PERTAMINA ENDURO VR46 RACING TEAM,2432.749
12,4,M. Vinales,APRILIA RACING,2433.863
13,3,P. Acosta,RED BULL GASGAS TECH3,2443.693
14,2,T. Nakagami,IDEMITSU HONDA LCR,2444.713
15,1,J. Mir,REPSOL HONDA TEAM,2444.858
16,0,J. Zarco,CASTROL HONDA LCR,2446.280
17,0,L. Marini,REPSOL HONDA TEAM,2448.415
18,0,E. Bastianini,DUCATI LENOVO TEAM,2462.341
19,0,S. Bradl,HRC TEST TEAM,2467.021
20,0,A. Rins,MONSTER ENERGY YAMAHA MOTOGP TEAM,2475.154
@,dirka,fra,2024
1,25,J. Martin,PRIMA PRAMAC RACING,2483.709
2,20,M. Marquez,GRESINI RACING MOTOGP,2484.155
3,16,F. Bagnaia,DUCATI LENOVO TEAM,2484.294
4,13,E. Bastianini,DUCATI LENOVO TEAM,2485.915
5,11,M. Vinales,APRILIA RACING,2487.762
6,10,F. Giannantonio,PERTAMINA ENDURO VR46 RACING TEAM,2493.189
7,9,F. Morbidelli,PRIMA PRAMAC RACING,2493.577
8,8,B. Binder,RED BULL KTM FACTORY RACING,2494.062
9,7,A. Espargaro,APRILIA RACING,2495.101
10,6,A. Marquez,GRESINI RACING MOTOGP,2497.151
11,5,R. Fernandez,TRACKHOUSE RACING,2507.910
12,4,J. Zarco,CASTROL HONDA LCR,2510.518
13,3,A. Fernandez,RED BULL GASGAS TECH3,2511.135
14,2,T. Nakagami,IDEMITSU HONDA LCR,2513.735
15,1,A. Rins,MONSTER ENERGY YAMAHA MOTOGP TEAM,2514.645
16,0,L. Marini,REPSOL HONDA TEAM,2523.709
@,dirka,spa,2024
1,25,F. Bagnaia,DUCATI LENOVO TEAM,2458.053
2,20,M. Marquez,GRESINI RACING MOTOGP,2458.425
3,16,M. Bezzecchi,PERTAMINA ENDURO VR46 RACING TEAM,2461.956
4,13,A. Marquez,GRESINI RACING MOTOGP,2465.258
5,11,E. Bastianini,DUCATI LENOVO TEAM,2465.306
6,10,B. Binder,RED BULL KTM FACTORY RACING,2465.854
7,9,F. Giannantonio,PERTAMINA ENDURO VR46 RACING TEAM,2468.116
8,8,M. Oliveira,TRACKHOUSE RACING,2469.032
9,7,M. Vinales,APRILIA RACING,2469.270
10,6,P. Acosta,RED BULL GASGAS TECH3,2478.815
11,5,R. Fernandez,TRACKHOUSE RACING,2481.561
12,4,J. Mir,REPSOL HONDA TEAM,2481.637
13,3,A. Rins,MONSTER ENERGY YAMAHA MOTOGP TEAM,2486.505
14,2,T. Nakagami,IDEMITSU HONDA LCR,2487.102
15,1,F. Quartararo,MONSTER ENERGY YAMAHA MOTOGP TEAM,2490.068
16,0,S. Bradl,HRC TEST TEAM,2499.486
17,0,L. Marini,REPSOL HONDA TEAM,2501.376
@,dirka,ame,2024
1,25,M. Vinales,APRILIA RACING,2469.503
2,20,P. Acosta,RED BULL GASGAS TECH3,2471.231
3,16,E. Bastianini,DUCATI LENOVO TEAM,2472.206
4,13,J. Martin,PRIMA PRAMAC RACING,2474.193
5,11,F. Bagnaia,DUCATI LENOVO TEAM,2476.895
6,10,F. Giannantonio,PERTAMINA ENDURO VR46 RACING TEAM,2479.483
7,9,A. Espargaro,APRILIA RACING,2481.711
8,8,M. Bezzecchi,PERTAMINA ENDURO VR46 RACING TEAM,2482.846
9,7,B. Binder,RED BULL KTM FACTORY RACING,2484.434
10,6,R. Fernandez,TRACKHOUSE RACING,2486.159
11,5,M. Oliveira,TRACKHOUSE RACING,2488.045
12,4,F. Quartararo,MONSTER ENERGY YAMAHA MOTOGP TEAM,2492.402
13,3,J. Miller,RED BULL KTM FACTORY RACING,2493.514
14,2,A. Fernandez,RED BULL GASGAS TECH3,2497.155
15,1,A. Marquez,GRESINI RACING MOTOGP,2502.358
16,0,L. Marini,REPSOL HONDA TEAM,2503.032
@,dirka,por,2024
1,25,J. Martin,PRIMA PRAMAC RACING,2478.138
2,20,E. Bastianini,DUCATI LENOVO TEAM,2479.020
3,16,P. Acosta,RED BULL GASGAS TECH3,2483.500
4,13,B. Binder,RED BULL KTM FACTORY RACING,2489.267
5,11,J. Miller,RED BULL KTM FACTORY RACING,2494.575
6,10,M. Bezzecchi,PERTAMINA ENDURO VR46 RACING TEAM,2497.541
7,9,F. Quartararo,MONSTER ENERGY YAMAHA MOTOGP TEAM,2498.268
8,8,A. Espargaro,APRILIA RACING,2499.687
9,7,M. Oliveira,TRACKHOUSE RACING,2502.067
10,6,F. Giannantonio,PERTAMINA ENDURO VR46 RACING TEAM,2506.333
11,5,A. Fernandez,RED BULL GASGAS TECH3,2506.382
12,4,J. Mir,REPSOL HONDA TEAM,2507.409
13,3,A. Rins,MONSTER ENERGY YAMAHA MOTOGP TEAM,2509.472
14,2,T. Nakagami,IDEMITSU HONDA LCR,2513.070
15,1,J. Zarco,CASTROL HONDA LCR,2516.405
16,0,M. Marquez,GRESINI RACING MOTOGP,2518.312
17,0,L. Marini,REPSOL HONDA TEAM,2518.913
18,0,F. Morbidelli,PRIMA PRAMAC RACING,2530.500
@,dirka,qat,2024
1,25,F. Bagnaia,DUCATI LENOVO TEAM,2374.869
2,20,B. Binder,RED BULL KTM FACTORY RACING,2376.198
3,16,J. Martin,PRIMA PRAMAC RACING,2376.802
4,13,M. Marquez,GRESINI RACING MOTOGP,2378.298
5,11,E. Bastianini,DUCATI LENOVO TEAM,2380.022
6,10,A. Marquez,GRESINI RACING MOTOGP,2381.660
7,9,F. Giannantonio,PERTAMINA ENDURO VR46 RACING TEAM,2384.030
8,8,A. Espargaro,APRILIA RACING,2386.111
9,7,P. Acosta,RED BULL GASGAS TECH3,2386.464
10,6,M. Vinales,APRILIA RACING,2388.066
11,5,F. Quartararo,MONSTER ENERGY YAMAHA MOTOGP TEAM,2392.570
12,4,J. Zarco,CASTROL HONDA LCR,2392.944
13,3,J. Mir,REPSOL HONDA TEAM,2393.306
14,2,M. Bezzecchi,PERTAMINA ENDURO VR46 RACING TEAM,2394.063
15,1,M. Oliveira,TRACKHOUSE RACING,2395.586
16,0,A. Rins,MONSTER ENERGY YAMAHA MOTOGP TEAM,2398.962
17,0,A. Fernandez,RED BULL GASGAS TECH3,2398.975
18,0,F. Morbidelli,PRIMA PRAMAC RACING,2399.510
19,0,T. Nakagami,IDEMITSU HONDA LCR,2400.425
20,0,L. Marini,REPSOL HONDA TEAM,2417.291
21,0,J. Miller,RED BULL KTM FACTORY RACING,2417.630
@,dirka,mal,2023
1,25,E. Bastianini,DUCATI LENOVO TEAM,2399.137
2,20,A. Marquez,GRESINI RACING MOTOGP,2400.672
3,16,F. Bagnaia,DUCATI LENOVO TEAM,2402.699
4,13,J. Martin,PRIMA PRAMAC RACING,2409.663
5,11,F. Quartararo,MONSTER ENERGY YAMAHA MOTOGP,2414.137
6,10,M. Bezzecchi,MOONEY VR46 RACING TEAM,2416.083
7,9,F. Morbidelli,MONSTER ENERGY YAMAHA MOTOGP,2417.690
8,8,J. Miller,RED BULL KTM FACTORY RACING,2418.341
9,7,F. Giannantonio,GRESINI RACING MOTOGP,2418.536
10,6,L. Marini,MOONEY VR46 RACING TEAM,2418.877
11,5,M. Vinales,APRILIA RACING,2420.326
12,4,J. Zarco,PRIMA PRAMAC RACING,2422.735
13,3,M. Marquez,REPSOL HONDA TEAM,2426.216
14,2,A. Fernandez,GASGAS FACTORY RACING TECH3,2428.077
15,1,P. Espargaro,GASGAS FACTORY RACING TECH3,2428.986
16,0,I. Lecuona,LCR HONDA CASTROL,2450.097
17,0,A. Bautista,ARUBA.IT RACING,2452.701
18,0,T. Nakagami,LCR HONDA IDEMITSU,2501.299
@,dirka,tha,2023
1,25,J. Martin,PRIMA PRAMAC RACING,2380.045
2,20,F. Bagnaia,DUCATI LENOVO TEAM,2380.298
3,16,B. Binder,RED BULL KTM FACTORY RACING,2380.159
4,13,M. Bezzecchi,MOONEY VR46 RACING TEAM,2382.050
5,11,F. Quartararo,MONSTER ENERGY YAMAHA MOTOGP,2384.595
6,10,M. Marquez,REPSOL HONDA TEAM,2385.407
7,9,L. Marini,MOONEY VR46 RACING TEAM,2386.823
8,8,A. Espargaro,APRILIA RACING,2387.348
9,7,F. Giannantonio,GRESINI RACING MOTOGP,2387.614
10,6,J. Zarco,PRIMA PRAMAC RACING,2389.422
11,5,F. Morbidelli,MONSTER ENERGY YAMAHA MOTOGP,2391.213
12,4,J. Mir,REPSOL HONDA TEAM,2392.035
13,3,E. Bastianini,DUCATI LENOVO TEAM,2392.368
14,2,T. Nakagami,LCR HONDA IDEMITSU,2394.582
15,1,R. Fernandez,CRYPTODATA RNF MOTOGP TEAM,2395.138
16,0,J. Miller,RED BULL KTM FACTORY RACING,2397.685
17,0,A. Fernandez,GASGAS FACTORY RACING TECH3,2401.352
18,0,P. Espargaro,GASGAS FACTORY RACING TECH3,2401.480
@,dirka,aus,2023
1,25,J. Zarco,PRIMA PRAMAC RACING,2439.446
2,20,F. Bagnaia,DUCATI LENOVO TEAM,2439.647
3,16,F. Giannantonio,GRESINI RACING MOTOGP,2439.923
4,13,B. Binder,RED BULL KTM FACTORY RACING,2440.262
5,11,J. Martin,PRIMA PRAMAC RACING,2440.454
6,10,M. Bezzecchi,MOONEY VR46 RACING TEAM,2448.273
7,9,J. Miller,RED BULL KTM FACTORY RACING,2448.729
8,8,A. Espargaro,APRILIA RACING,2448.833
9,7,A. Marquez,GRESINI RACING MOTOGP,2449.142
10,6,E. Bastianini,DUCATI LENOVO TEAM,2451.969
11,5,M. Vinales,APRILIA RACING,2453.438
12,4,L. Marini,MOONEY VR46 RACING TEAM,2456.524
13,3,M. Oliveira,CRYPTODATA RNF MOTOGP TEAM,2458.889
14,2,F. Quartararo,MONSTER ENERGY YAMAHA MOTOGP,2460.395
15,1,M. Marquez,REPSOL HONDA TEAM,2460.564
16,0,R. Fernandez,CRYPTODATA RNF MOTOGP TEAM,2471.984
17,0,F. Morbidelli,MONSTER ENERGY YAMAHA MOTOGP,2477.109
18,0,P. Espargaro,GASGAS FACTORY RACING TECH3,2477.114
19,0,T. Nakagami,LCR HONDA IDEMITSU,2477.204
@,dirka,jpn,2023
1,25,J. Martin,PRIMA PRAMAC RACING,1446.314
2,20,F. Bagnaia,DUCATI LENOVO TEAM,1447.727
3,16,M. Marquez,REPSOL HONDA TEAM,1448.327
4,13,M. Bezzecchi,MOONEY VR46 RACING TEAM,1449.257
5,11,A. Espargaro,APRILIA RACING,1449.495
6,10,J. Miller,RED BULL KTM FACTORY RACING,1453.151
7,9,A. Fernandez,GASGAS FACTORY RACING TECH3,1453.901
8,8,F. Giannantonio,GRESINI RACING MOTOGP,1454.916
9,7,R. Fernandez,CRYPTODATA RNF MOTOGP TEAM,1457.543
10,6,F. Quartararo,MONSTER ENERGY YAMAHA MOTOGP,1458.558
11,5,T. Nakagami,LCR HONDA IDEMITSU,1461.028
12,4,J. Mir,REPSOL HONDA TEAM,1461.238
13,3,C. Crutchlow,YAMALUBE RS4GP RACING TEAM,1462.371
14,2,S. Bradl,LCR HONDA CASTROL,1463.567
15,1,P. Espargaro,GASGAS FACTORY RACING TECH3,1471.235
16,0,M. Pirro,DUCATI LENOVO TEAM,1480.276
17,0,F. Morbidelli,MONSTER ENERGY YAMAHA MOTOGP,1521.248
18,0,M. Oliveira,CRYPTODATA RNF MOTOGP TEAM,1446.314
19,0,M. Vinales,APRILIA RACING,1446.314
@,dirka,ina,2023
1,25,F. Bagnaia,DUCATI LENOVO TEAM,2480.293
2,20,M. Vinales,APRILIA RACING,2480.599
3,16,F. Quartararo,MONSTER ENERGY YAMAHA MOTOGP,2480.726
4,13,F. Giannantonio,GRESINI RACING MOTOGP,2487.255
5,11,M. Bezzecchi,MOONEY VR46 RACING TEAM,2491.404
6,10,B. Binder,RED BULL KTM FACTORY RACING,2491.521
7,9,J. Miller,RED BULL KTM FACTORY RACING,2492.767
8,8,E. Bastianini,DUCATI LENOVO TEAM,2492.977
9,7,A. Rins,LCR HONDA CASTROL,2502.833
10,6,A. Espargaro,APRILIA RACING,2510.761
11,5,T. Nakagami,LCR HONDA IDEMITSU,2511.116
12,4,M. Oliveira,CRYPTODATA RNF MOTOGP TEAM,2516.932
13,3,R. Fernandez,CRYPTODATA RNF MOTOGP TEAM,2523.157
14,2,F. Morbidelli,MONSTER ENERGY YAMAHA MOTOGP,2480.293
@,dirka,emi,2023
1,25,F. Bagnaia,DUCATI LENOVO TEAM,2458.535
2,20,J. Zarco,PRIMA PRAMAC RACING,2458.895
3,16,B. Binder,RED BULL KTM FACTORY RACING,2460.882
4,13,F. Giannantonio,GRESINI RACING MOTOGP,2461.711
5,11,R. Fernandez,CRYPTODATA RNF MOTOGP TEAM,2463.171
6,10,A. Marquez,GRESINI RACING MOTOGP,2463.243
7,9,F. Morbidelli,MONSTER ENERGY YAMAHA MOTOGP,2463.271
8,8,A. Espargaro,APRILIA RACING,2466.549
9,7,L. Marini,MOONEY VR46 RACING TEAM,2468.021
10,6,M. Vinales,APRILIA RACING,2469.091
11,5,F. Quartararo,MONSTER ENERGY YAMAHA MOTOGP,2470.536
12,4,T. Nakagami,LCR HONDA IDEMITSU,2480.230
13,3,L. Savadori,CRYPTODATA RNF MOTOGP TEAM,2501.832
14,2,P. Espargaro,GASGAS FACTORY RACING TECH3,2458.535
@,dirka,rsm,2023
1,25,J. Martin,PRIMA PRAMAC RACING,2493.421
2,20,M. Bezzecchi,MOONEY VR46 RACING TEAM,2494.771
3,16,F. Bagnaia,DUCATI LENOVO TEAM,2497.233
4,13,D. Pedrosa,RED BULL KTM FACTORY RACING,2497.902
5,11,M. Vinales,APRILIA RACING,2503.931
6,10,M. Oliveira,CRYPTODATA RNF MOTOGP TEAM,2505.695
7,9,M. Marquez,REPSOL HONDA TEAM,2506.997
8,8,R. Fernandez,CRYPTODATA RNF MOTOGP TEAM,2507.512
9,7,L. Marini,MOONEY VR46 RACING TEAM,2508.403
10,6,J. Zarco,PRIMA PRAMAC RACING,2508.905
11,5,A. Marquez,GRESINI RACING MOTOGP,2509.123
12,4,A. Espargaro,APRILIA RACING,2509.299
13,3,F. Quartararo,MONSTER ENERGY YAMAHA MOTOGP,2509.319
14,2,B. Binder,RED BULL KTM FACTORY RACING,2517.199
15,1,F. Morbidelli,MONSTER ENERGY YAMAHA MOTOGP,2518.000
16,0,A. Fernandez,GASGAS FACTORY RACING TECH3,2524.651
17,0,F. Giannantonio,GRESINI RACING MOTOGP,2525.958
18,0,S. Bradl,HRC TEAM,2528.751
19,0,T. Nakagami,LCR HONDA IDEMITSU,2537.022
@,dirka,ara,2023
1,25,F. Bagnaia,DUCATI LENOVO TEAM,2458.535
2,20,J. Zarco,PRIMA PRAMAC RACING,2458.895
3,16,B. Binder,RED BULL KTM FACTORY RACING,2460.882
4,13,F. Giannantonio,GRESINI RACING MOTOGP,2461.711
5,11,R. Fernandez,CRYPTODATA RNF MOTOGP TEAM,2463.171
6,10,A. Marquez,GRESINI RACING MOTOGP,2463.243
7,9,F. Morbidelli,MONSTER ENERGY YAMAHA MOTOGP,2463.271
8,8,A. Espargaro,APRILIA RACING,2466.549
9,7,L. Marini,MOONEY VR46 RACING TEAM,2468.021
10,6,M. Vinales,APRILIA RACING,2469.091
11,5,F. Quartararo,MONSTER ENERGY YAMAHA MOTOGP,2470.536
12,4,T. Nakagami,LCR HONDA IDEMITSU,2480.230
13,3,L. Savadori,CRYPTODATA RNF MOTOGP TEAM,2501.832
14,2,P. Espargaro,GASGAS FACTORY RACING TECH3,2458.535
@,dirka,aut,2023
1,25,F. Bagnaia,DUCATI LENOVO TEAM,2543.315
2,20,B. Binder,RED BULL KTM FACTORY RACING,2548.506
3,16,M. Bezzecchi,MOONEY VR46 RACING TEAM,2551.023
4,13,L. Marini,MOONEY VR46 RACING TEAM,2553.658
5,11,A. Marquez,GRESINI RACING MOTOGP,2554.354
6,10,M. Vinales,APRILIA RACING,2555.039
7,9,J. Martin,PRIMA PRAMAC RACING,2556.232
8,8,F. Quartararo,MONSTER ENERGY YAMAHA MOTOGP,2562.824
9,7,A. Espargaro,APRILIA RACING,2563.546
10,6,E. Bastianini,DUCATI LENOVO TEAM,2564.044
11,5,F. Morbidelli,MONSTER ENERGY YAMAHA MOTOGP,2564.842
12,4,M. Marquez,REPSOL HONDA TEAM,2566.342
13,3,J. Zarco,PRIMA PRAMAC RACING,2567.574
14,2,A. Fernandez,GASGAS FACTORY RACING TECH3,2568.680
15,1,J. Miller,RED BULL KTM FACTORY RACING,2568.790
16,0,P. Espargaro,GASGAS FACTORY RACING TECH3,2571.388
17,0,F. Giannantonio,GRESINI RACING MOTOGP,2572.313
18,0,T. Nakagami,LCR HONDA IDEMITSU,2575.631
19,0,L. Savadori,APRILIA RACING,2585.707
20,0,I. Lecuona,LCR HONDA CASTROL,2589.554
@,dirka,gbr,2023
1,25,A. Espargaro,APRILIA RACING,2440.367
2,20,F. Bagnaia,DUCATI LENOVO TEAM,2440.582
3,16,B. Binder,RED BULL KTM FACTORY RACING,2441.047
4,13,M. Oliveira,CRYPTODATA RNF MOTOGP TEAM,2441.117
5,11,M. Vinales,APRILIA RACING,2442.468
6,10,J. Martin,PRIMA PRAMAC RACING,2448.270
7,9,L. Marini,MOONEY VR46 RACING TEAM,2449.466
8,8,J. Miller,RED BULL KTM FACTORY RACING,2449.665
9,7,J. Zarco,PRIMA PRAMAC RACING,2450.325
10,6,R. Fernandez,CRYPTODATA RNF MOTOGP TEAM,2460.314
11,5,A. Fernandez,GASGAS FACTORY RACING TECH3,2460.663
12,4,P. Espargaro,GASGAS FACTORY RACING TECH3,2506.487
13,3,F. Giannantonio,GRESINI RACING MOTOGP,2527.972
14,2,F. Morbidelli,MONSTER ENERGY YAMAHA MOTOGP,2529.280
15,1,F. Quartararo,MONSTER ENERGY YAMAHA MOTOGP,2529.442
16,0,T. Nakagami,LCR HONDA IDEMITSU,2538.940
17,0,I. Lecuona,LCR HONDA CASTROL,2550.041
@,dirka,ger,2023
1,25,J. Martin,PRIMA PRAMAC RACING,2452.449
2,20,F. Bagnaia,DUCATI LENOVO TEAM,2452.513
3,16,J. Zarco,PRIMA PRAMAC RACING,2459.462
4,13,M. Bezzecchi,MOONEY VR46 RACING TEAM,2460.879
5,11,L. Marini,MOONEY VR46 RACING TEAM,2464.128
6,10,J. Miller,RED BULL KTM FACTORY RACING,2464.353
7,9,A. Marquez,GRESINI RACING MOTOGP,2466.489
8,8,E. Bastianini,DUCATI LENOVO TEAM,2467.308
9,7,F. Giannantonio,GRESINI RACING MOTOGP,2469.510
10,6,M. Oliveira,CRYPTODATA RNF MOTOGP TEAM,2472.097
11,5,A. Fernandez,GASGAS FACTORY RACING TECH3,2472.446
12,4,F. Morbidelli,MONSTER ENERGY YAMAHA MOTOGP,2475.398
13,3,F. Quartararo,MONSTER ENERGY YAMAHA MOTOGP,2477.566
14,2,T. Nakagami,LCR HONDA IDEMITSU,2477.776
15,1,R. Fernandez,CRYPTODATA RNF MOTOGP TEAM,2477.952
16,0,A. Espargaro,APRILIA RACING,2480.992
17,0,J. Folger,GASGAS FACTORY RACING TECH3,2501.411
@,dirka,ned,2023
1,25,F. Bagnaia,DUCATI LENOVO TEAM,2437.640
2,20,M. Bezzecchi,MOONEY VR46 RACING TEAM,2438.863
3,16,A. Espargaro,APRILIA RACING,2439.565
4,13,B. Binder,RED BULL KTM FACTORY RACING,2439.168
5,11,J. Martin,PRIMA PRAMAC RACING,2439.574
6,10,A. Marquez,GRESINI RACING MOTOGP,2450.077
7,9,L. Marini,MOONEY VR46 RACING TEAM,2451.814
8,8,T. Nakagami,LCR HONDA IDEMITSU,2452.256
9,7,F. Morbidelli,MONSTER ENERGY YAMAHA MOTOGP,2466.975
10,6,A. Fernandez,GASGAS FACTORY RACING TECH3,2471.376
11,5,L. Savadori,APRILIA RACING,2472.724
12,4,R. Fernandez,CRYPTODATA RNF MOTOGP TEAM,2477.262
13,3,S. Bradl,LCR HONDA CASTROL,2480.144
14,2,J. Folger,GASGAS FACTORY RACING TECH3,2483.249
@,dirka,ita,2023
1,25,F. Bagnaia,DUCATI LENOVO TEAM,2476.863
2,20,J. Martin,PRIMA PRAMAC RACING,2477.930
3,16,J. Zarco,PRIMA PRAMAC RACING,2478.840
4,13,L. Marini,MOONEY VR46 RACING TEAM,2481.488
5,11,B. Binder,RED BULL KTM FACTORY RACING,2485.788
6,10,A. Espargaro,APRILIA RACING,2487.771
7,9,J. Miller,RED BULL KTM FACTORY RACING,2487.862
8,8,M. Bezzecchi,MOONEY VR46 RACING TEAM,2489.517
9,7,E. Bastianini,DUCATI LENOVO TEAM,2493.965
10,6,F. Morbidelli,MONSTER ENERGY YAMAHA MOTOGP,2494.473
11,5,F. Quartararo,MONSTER ENERGY YAMAHA MOTOGP,2494.724
12,4,M. Vinales,APRILIA RACING,2495.973
13,3,T. Nakagami,LCR HONDA IDEMITSU,2498.810
14,2,F. Giannantonio,GRESINI RACING MOTOGP,2502.769
15,1,A. Fernandez,GASGAS FACTORY RACING TECH3,2503.363
16,0,M. Pirro,ARUBA.IT RACING,2507.013
17,0,R. Fernandez,CRYPTODATA RNF MOTOGP TEAM,2514.864
18,0,L. Savadori,APRILIA RACING,2515.525
19,0,J. Folger,GASGAS FACTORY RACING TECH3,2555.775
@,dirka,cat,2023
1,25,A. Espargaro,APRILIA RACING,2336.159
2,20,M. Vinales,APRILIA RACING,2336.536
3,16,J. Martin,PRIMA PRAMAC RACING,2338.990
4,13,J. Zarco,PRIMA PRAMAC RACING,2341.026
5,11,M. Oliveira,CRYPTODATA RNF MOTOGP TEAM,2343.688
6,10,A. Marquez,GRESINI RACING MOTOGP,2346.749
7,9,F. Quartararo,MONSTER ENERGY YAMAHA MOTOGP,2346.980
8,8,J. Miller,RED BULL KTM FACTORY RACING,2347.039
9,7,A. Fernandez,GASGAS FACTORY RACING TECH3,2349.048
10,6,F. Giannantonio,GRESINI RACING MOTOGP,2349.439
11,5,L. Marini,MOONEY VR46 RACING TEAM,2352.650
12,4,M. Bezzecchi,MOONEY VR46 RACING TEAM,2352.720
13,3,M. Marquez,REPSOL HONDA TEAM,2357.775
14,2,F. Morbidelli,MONSTER ENERGY YAMAHA MOTOGP,2359.267
15,1,T. Nakagami,LCR HONDA IDEMITSU,2362.899
16,0,I. Lecuona,LCR HONDA CASTROL,2365.019
17,0,J. Mir,REPSOL HONDA TEAM,2370.088
@,dirka,fra,2023
1,25,M. Bezzecchi,MOONEY VR46 RACING TEAM,2497.970
2,20,J. Martin,PRIMA PRAMAC RACING,2502.226
3,16,J. Zarco,PRIMA PRAMAC RACING,2502.765
4,13,A. Fernandez,GASGAS FACTORY RACING TECH3,2504.251
5,11,A. Espargaro,APRILIA RACING,2504.696
6,10,B. Binder,RED BULL KTM FACTORY RACING,2511.608
7,9,F. Quartararo,MONSTER ENERGY YAMAHA MOTOGP,2512.993
8,8,F. Giannantonio,GRESINI RACING MOTOGP,2513.796
9,7,T. Nakagami,LCR HONDA IDEMITSU,2514.340
10,6,F. Morbidelli,MONSTER ENERGY YAMAHA MOTOGP,2515.798
11,5,D. Petrucci,DUCATI LENOVO TEAM,2527.705
12,4,L. Savadori,CRYPTODATA RNF MOTOGP TEAM,2534.105
13,3,J. Folger,GASGAS FACTORY RACING TECH3,2547.778
@,dirka,spa,2023
1,25,F. Bagnaia,DUCATI LENOVO TEAM,2369.085
2,20,B. Binder,RED BULL KTM FACTORY RACING,2369.306
3,16,J. Miller,RED BULL KTM FACTORY RACING,2370.204
4,13,J. Martin,PRIMA PRAMAC RACING,2371.027
5,11,A. Espargaro,APRILIA RACING,2373.845
6,10,L. Marini,MOONEY VR46 RACING TEAM,2375.414
7,9,D. Pedrosa,RED BULL KTM FACTORY RACING,2375.456
8,8,A. Marquez,GRESINI RACING MOTOGP,2384.037
9,7,T. Nakagami,LCR HONDA IDEMITSU,2384.777
10,6,F. Quartararo,MONSTER ENERGY YAMAHA MOTOGP,2384.931
11,5,F. Morbidelli,MONSTER ENERGY YAMAHA MOTOGP,2386.294
12,4,F. Giannantonio,GRESINI RACING MOTOGP,2386.996
13,3,A. Fernandez,GASGAS FACTORY RACING TECH3,2388.095
14,2,S. Bradl,HRC TEAM,2396.379
15,1,R. Fernandez,CRYPTODATA RNF MOTOGP TEAM,2405.456
16,0,I. Lecuona,REPSOL HONDA TEAM,2405.838
17,0,J. Folger,GASGAS FACTORY RACING TECH3,2416.231
@,dirka,por,2023
1,25,F. Bagnaia,DUCATI LENOVO TEAM,2485.401
2,20,M. Vinales,APRILIA RACING,2486.088
3,16,M. Bezzecchi,MOONEY VR46 RACING TEAM,2488.127
4,13,J. Zarco,PRIMA PRAMAC RACING,2493.461
5,11,A. Marquez,GRESINI RACING MOTOGP,2493.526
6,10,B. Binder,RED BULL KTM FACTORY RACING,2493.648
7,9,J. Miller,RED BULL KTM FACTORY RACING,2493.782
8,8,F. Quartararo,MONSTER ENERGY YAMAHA MOTOGP,2493.944
9,7,A. Espargaro,APRILIA RACING,2494.695
10,6,A. Rins,LCR HONDA CASTROL,2496.992
11,5,J. Mir,REPSOL HONDA TEAM,2502.393
12,4,T. Nakagami,LCR HONDA IDEMITSU,2502.849
13,3,A. Fernandez,GASGAS FACTORY RACING TECH3,2507.124
14,2,F. Morbidelli,MONSTER ENERGY YAMAHA MOTOGP,2512.451
@,dirka,qat,2023
1,25,F. Giannantonio,GRESINI RACING MOTOGP,2503.654
2,20,F. Bagnaia,DUCATI LENOVO TEAM,2506.388
3,16,L. Marini,MOONEY VR46 RACING TEAM,2508.062
4,13,M. Vinales,APRILIA RACING,2508.142
5,11,B. Binder,RED BULL KTM FACTORY RACING,2510.900
6,10,A. Marquez,GRESINI RACING MOTOGP,2511.274
7,9,F. Quartararo,MONSTER ENERGY YAMAHA MOTOGP,2511.482
8,8,E. Bastianini,DUCATI LENOVO TEAM,2511.893
9,7,J. Miller,RED BULL KTM FACTORY RACING,2515.163
10,6,J. Martin,PRIMA PRAMAC RACING,2518.473
11,5,M. Marquez,REPSOL HONDA TEAM,2518.618
12,4,J. Zarco,PRIMA PRAMAC RACING,2521.085
13,3,M. Bezzecchi,MOONEY VR46 RACING TEAM,2521.461
14,2,J. Mir,REPSOL HONDA TEAM,2522.327
15,1,A. Fernandez,GASGAS FACTORY RACING TECH3,2525.109
16,0,F. Morbidelli,MONSTER ENERGY YAMAHA MOTOGP,2525.128
17,0,R. Fernandez,CRYPTODATA RNF MOTOGP TEAM,2525.796
18,0,P. Espargaro,GASGAS FACTORY RACING TECH3,2530.848
19,0,T. Nakagami,LCR HONDA IDEMITSU,2531.394
@,dirka,mal,2022
1,25,F. Bagnaia,DUCATI LENOVO TEAM,2414.332
2,20,E. Bastianini,GRESINI RACING MOTOGP,2414.602
3,16,F. Quartararo,MONSTER ENERGY YAMAHA MOTOGP,2417.105
4,13,M. Bezzecchi,MOONEY VR46 RACING TEAM,2419.778
5,11,A. Rins,TEAM SUZUKI ECSTAR,2426.255
6,10,J. Miller,DUCATI LENOVO TEAM,2427.804
7,9,M. Marquez,REPSOL HONDA TEAM,2428.636
8,8,B. Binder,RED BULL KTM FACTORY RACING,2431.137
9,7,J. Zarco,PRIMA PRAMAC RACING,2432.690
10,6,A. Espargaro,APRILIA RACING,2435.923
11,5,F. Morbidelli,MONSTER ENERGY YAMAHA MOTOGP,2437.567
12,4,C. Crutchlow,WITHU YAMAHA RNF MOTOGP TEAM,2438.973
13,3,M. Oliveira,RED BULL KTM FACTORY RACING,2439.250
14,2,P. Espargaro,REPSOL HONDA TEAM,2439.918
15,1,R. Fernandez,TECH3 KTM FACTORY RACING,2441.371
16,0,M. Vinales,APRILIA RACING,2444.759
17,0,A. Marquez,LCR HONDA CASTROL,2447.654
18,0,R. Gardner,TECH3 KTM FACTORY RACING,2448.023
19,0,J. Mir,TEAM SUZUKI ECSTAR,2456.170
@,dirka,tha,2022
1,25,M. Oliveira,RED BULL KTM FACTORY RACING,2504.503
2,20,J. Miller,DUCATI LENOVO TEAM,2505.233
3,16,F. Bagnaia,DUCATI LENOVO TEAM,2506.471
4,13,J. Zarco,PRIMA PRAMAC RACING,2506.993
5,11,M. Marquez,REPSOL HONDA TEAM,2507.461
6,10,E. Bastianini,GRESINI RACING MOTOGP,2517.760
7,9,M. Vinales,APRILIA RACING,2519.069
8,8,A. Marquez,LCR HONDA CASTROL,2519.364
9,7,J. Martin,PRIMA PRAMAC RACING,2519.868
10,6,B. Binder,RED BULL KTM FACTORY RACING,2522.600
11,5,A. Espargaro,APRILIA RACING,2523.544
12,4,A. Rins,TEAM SUZUKI ECSTAR,2524.162
13,3,F. Morbidelli,MONSTER ENERGY YAMAHA MOTOGP,2526.942
14,2,P. Espargaro,REPSOL HONDA TEAM,2528.149
15,1,R. Fernandez,TECH3 KTM FACTORY RACING,2534.986
16,0,M. Bezzecchi,MOONEY VR46 RACING TEAM,2537.969
17,0,F. Quartararo,MONSTER ENERGY YAMAHA MOTOGP,2538.575
18,0,F. Giannantonio,GRESINI RACING MOTOGP,2540.706
19,0,C. Crutchlow,WITHU YAMAHA RNF MOTOGP TEAM,2541.035
20,0,D. Petrucci,TEAM SUZUKI ECSTAR,2547.011
21,0,D. Binder,WITHU YAMAHA RNF MOTOGP TEAM,2554.495
22,0,T. Nagashima,LCR HONDA IDEMITSU,2555.849
23,0,L. Marini,MOONEY VR46 RACING TEAM,2504.503
@,dirka,aus,2022
1,25,A. Rins,TEAM SUZUKI ECSTAR,2450.654
2,20,M. Marquez,REPSOL HONDA TEAM,2450.840
3,16,F. Bagnaia,DUCATI LENOVO TEAM,2450.878
4,13,M. Bezzecchi,MOONEY VR46 RACING TEAM,2451.188
5,11,E. Bastianini,GRESINI RACING MOTOGP,2451.211
6,10,L. Marini,MOONEY VR46 RACING TEAM,2451.342
7,9,J. Martin,PRIMA PRAMAC RACING,2451.538
8,8,J. Zarco,PRIMA PRAMAC RACING,2453.795
9,7,A. Espargaro,APRILIA RACING,2455.202
10,6,B. Binder,RED BULL KTM FACTORY RACING,2456.594
11,5,P. Espargaro,REPSOL HONDA TEAM,2461.702
12,4,M. Oliveira,RED BULL KTM FACTORY RACING,2464.260
13,3,C. Crutchlow,WITHU YAMAHA RNF MOTOGP TEAM,2464.544
14,2,D. Binder,WITHU YAMAHA RNF MOTOGP TEAM,2465.180
15,1,R. Gardner,TECH3 KTM FACTORY RACING,2470.124
16,0,R. Fernandez,TECH3 KTM FACTORY RACING,2471.299
17,0,M. Vinales,APRILIA RACING,2472.821
18,0,J. Mir,TEAM SUZUKI ECSTAR,2474.143
19,0,T. Nagashima,LCR HONDA IDEMITSU,2490.272
20,0,F. Giannantonio,GRESINI RACING MOTOGP,2490.287
@,dirka,jpn,2022
1,25,J. Miller,DUCATI LENOVO TEAM,2549.174
2,20,B. Binder,RED BULL KTM FACTORY RACING,2552.583
3,16,J. Martin,PRIMA PRAMAC RACING,2553.310
4,13,M. Marquez,REPSOL HONDA TEAM,2556.958
5,11,M. Oliveira,RED BULL KTM FACTORY RACING,2557.359
6,10,L. Marini,MOONEY VR46 RACING TEAM,2557.522
7,9,M. Vinales,APRILIA RACING,2559.053
8,8,F. Quartararo,MONSTER ENERGY YAMAHA MOTOGP,2559.367
9,7,E. Bastianini,GRESINI RACING MOTOGP,2559.492
10,6,M. Bezzecchi,MOONEY VR46 RACING TEAM,2565.593
11,5,J. Zarco,PRIMA PRAMAC RACING,2565.760
12,4,P. Espargaro,REPSOL HONDA TEAM,2566.630
13,3,A. Marquez,LCR HONDA CASTROL,2567.393
14,2,F. Morbidelli,MONSTER ENERGY YAMAHA MOTOGP,2568.186
15,1,C. Crutchlow,WITHU YAMAHA RNF MOTOGP TEAM,2568.375
16,0,A. Espargaro,APRILIA RACING,2574.647
17,0,F. Giannantonio,GRESINI RACING MOTOGP,2576.180
18,0,R. Fernandez,TECH3 KTM FACTORY RACING,2578.548
19,0,R. Gardner,TECH3 KTM FACTORY RACING,2578.643
20,0,T. Nakagami,LCR HONDA IDEMITSU,2592.468
@,dirka,ina,2022
1,25,M. Oliveira,RED BULL KTM FACTORY RACING,2007.223
2,20,F. Quartararo,MONSTER ENERGY YAMAHA MOTOGP,2009.428
3,16,J. Zarco,PRIMA PRAMAC RACING,2010.381
4,13,J. Miller,DUCATI LENOVO TEAM,2012.886
5,11,A. Rins,TEAM SUZUKI ECSTAR,2014.267
6,10,J. Mir,TEAM SUZUKI ECSTAR,2015.055
7,9,F. Morbidelli,MONSTER ENERGY YAMAHA MOTOGP,2028.338
8,8,B. Binder,RED BULL KTM FACTORY RACING,2039.636
9,7,A. Espargaro,APRILIA RACING,2039.809
10,6,D. Binder,WITHU YAMAHA RNF MOTOGP TEAM,2040.124
11,5,E. Bastianini,GRESINI RACING MOTOGP,2040.339
12,4,P. Espargaro,REPSOL HONDA TEAM,2040.822
13,3,A. Marquez,LCR HONDA CASTROL,2040.958
14,2,L. Marini,MOONEY VR46 RACING TEAM,2042.214
15,1,F. Bagnaia,DUCATI LENOVO TEAM,2042.986
16,0,M. Vinales,APRILIA RACING,2044.620
17,0,R. Fernandez,TECH3 KTM FACTORY RACING,2049.198
18,0,F. Giannantonio,GRESINI RACING MOTOGP,2055.138
19,0,T. Nakagami,LCR HONDA IDEMITSU,2056.694
20,0,M. Bezzecchi,MOONEY VR46 RACING TEAM,2056.696
21,0,R. Gardner,TECH3 KTM FACTORY RACING,2063.187
@,dirka,emi,2022
1,25,A. Rins,TEAM SUZUKI ECSTAR,2482.250
2,20,B. Binder,RED BULL KTM FACTORY RACING,2482.646
3,16,J. Martin,PRIMA PRAMAC RACING,2483.309
4,13,F. Quartararo,MONSTER ENERGY YAMAHA MOTOGP,2484.161
5,11,M. Oliveira,RED BULL KTM FACTORY RACING,2489.372
6,10,J. Mir,TEAM SUZUKI ECSTAR,2489.985
7,9,L. Marini,MOONEY VR46 RACING TEAM,2490.774
8,8,E. Bastianini,GRESINI RACING MOTOGP,2494.288
9,7,F. Bagnaia,DUCATI LENOVO TEAM,2496.691
10,6,F. Morbidelli,MONSTER ENERGY YAMAHA MOTOGP,2496.926
11,5,M. Bezzecchi,MOONEY VR46 RACING TEAM,2499.905
12,4,R. Fernandez,TECH3 KTM FACTORY RACING,2507.120
13,3,R. Gardner,TECH3 KTM FACTORY RACING,2508.796
14,2,T. Nakagami,LCR HONDA IDEMITSU,2508.860
15,1,F. Giannantonio,GRESINI RACING MOTOGP,2514.069
16,0,C. Crutchlow,WITHU YAMAHA RNF MOTOGP TEAM,2571.120
17,0,A. Marquez,LCR HONDA CASTROL,2482.250
@,dirka,rsm,2022
1,25,F. Bagnaia,DUCATI LENOVO TEAM,2503.199
2,20,E. Bastianini,GRESINI RACING MOTOGP,2503.233
3,16,M. Vinales,APRILIA RACING,2507.411
4,13,L. Marini,MOONEY VR46 RACING TEAM,2508.482
5,11,F. Quartararo,MONSTER ENERGY YAMAHA MOTOGP,2508.970
6,10,A. Espargaro,APRILIA RACING,2513.429
7,9,A. Rins,TEAM SUZUKI ECSTAR,2515.695
8,8,B. Binder,RED BULL KTM FACTORY RACING,2517.860
9,7,J. Martin,PRIMA PRAMAC RACING,2520.931
10,6,A. Marquez,LCR HONDA CASTROL,2525.185
11,5,M. Oliveira,RED BULL KTM FACTORY RACING,2526.884
12,4,A. Dovizioso,WITHU YAMAHA RNF MOTOGP TEAM,2532.475
13,3,R. Fernandez,TECH3 KTM FACTORY RACING,2533.632
14,2,S. Bradl,REPSOL HONDA TEAM,2534.967
15,1,T. Nakagami,LCR HONDA IDEMITSU,2535.746
16,0,D. Binder,WITHU YAMAHA RNF MOTOGP TEAM,2545.056
17,0,M. Bezzecchi,MOONEY VR46 RACING TEAM,2553.758
18,0,J. Miller,DUCATI LENOVO TEAM,2556.570
19,0,R. Gardner,TECH3 KTM FACTORY RACING,2559.812
20,0,F. Giannantonio,GRESINI RACING MOTOGP,2560.503
21,0,K. Watanabe,TEAM SUZUKI ECSTAR,2503.199
@,dirka,ara,2022
1,25,E. Bastianini,GRESINI RACING MOTOGP,2495.462
2,20,F. Bagnaia,DUCATI LENOVO TEAM,2495.504
3,16,A. Espargaro,APRILIA RACING,2501.601
4,13,B. Binder,RED BULL KTM FACTORY RACING,2501.841
5,11,J. Miller,DUCATI LENOVO TEAM,2502.426
6,10,J. Martin,PRIMA PRAMAC RACING,2507.492
7,9,L. Marini,MOONEY VR46 RACING TEAM,2507.936
8,8,J. Zarco,PRIMA PRAMAC RACING,2508.117
9,7,A. Rins,TEAM SUZUKI ECSTAR,2508.164
10,6,M. Bezzecchi,MOONEY VR46 RACING TEAM,2511.612
11,5,M. Oliveira,RED BULL KTM FACTORY RACING,2512.533
12,4,A. Marquez,LCR HONDA CASTROL,2513.925
13,3,M. Vinales,APRILIA RACING,2514.192
14,2,C. Crutchlow,WITHU YAMAHA RNF MOTOGP TEAM,2515.552
15,1,P. Espargaro,REPSOL HONDA TEAM,2523.050
16,0,R. Gardner,TECH3 KTM FACTORY RACING,2524.267
17,0,F. Morbidelli,MONSTER ENERGY YAMAHA MOTOGP,2525.884
18,0,D. Binder,WITHU YAMAHA RNF MOTOGP TEAM,2526.792
19,0,F. Giannantonio,GRESINI RACING MOTOGP,2527.057
20,0,R. Fernandez,TECH3 KTM FACTORY RACING,2531.622
@,dirka,aut,2022
1,25,F. Bagnaia,DUCATI LENOVO TEAM,2534.886
2,20,F. Quartararo,MONSTER ENERGY YAMAHA MOTOGP,2535.378
3,16,J. Miller,DUCATI LENOVO TEAM,2537.049
4,13,L. Marini,MOONEY VR46 RACING TEAM,2543.234
5,11,J. Zarco,PRIMA PRAMAC RACING,2543.707
6,10,A. Espargaro,APRILIA RACING,2546.173
7,9,B. Binder,RED BULL KTM FACTORY RACING,2546.528
8,8,A. Rins,TEAM SUZUKI ECSTAR,2546.666
9,7,M. Bezzecchi,MOONEY VR46 RACING TEAM,2551.873
10,6,J. Martin,PRIMA PRAMAC RACING,2552.030
11,5,F. Giannantonio,GRESINI RACING MOTOGP,2552.357
12,4,M. Oliveira,RED BULL KTM FACTORY RACING,2552.921
13,3,M. Vinales,APRILIA RACING,2554.898
14,2,A. Marquez,LCR HONDA CASTROL,2561.766
15,1,A. Dovizioso,WITHU YAMAHA RNF MOTOGP TEAM,2564.630
16,0,P. Espargaro,REPSOL HONDA TEAM,2565.880
17,0,S. Bradl,REPSOL HONDA TEAM,2572.846
18,0,R. Fernandez,TECH3 KTM FACTORY RACING,2576.968
19,0,L. Savadori,APRILIA RACING,2581.552
20,0,R. Gardner,TECH3 KTM FACTORY RACING,2534.886
@,dirka,gbr,2022
1,25,F. Bagnaia,DUCATI LENOVO TEAM,2410.260
2,20,M. Vinales,APRILIA RACING,2410.686
3,16,J. Miller,DUCATI LENOVO TEAM,2410.874
4,13,E. Bastianini,GRESINI RACING MOTOGP,2411.911
5,11,J. Martin,PRIMA PRAMAC RACING,2412.010
6,10,M. Oliveira,RED BULL KTM FACTORY RACING,2412.987
7,9,A. Rins,TEAM SUZUKI ECSTAR,2413.281
8,8,F. Quartararo,MONSTER ENERGY YAMAHA MOTOGP,2414.079
9,7,A. Espargaro,APRILIA RACING,2414.218
10,6,M. Bezzecchi,MOONEY VR46 RACING TEAM,2416.906
11,5,B. Binder,RED BULL KTM FACTORY RACING,2417.990
12,4,L. Marini,MOONEY VR46 RACING TEAM,2423.699
13,3,T. Nakagami,LCR HONDA IDEMITSU,2423.966
14,2,P. Espargaro,REPSOL HONDA TEAM,2424.166
15,1,F. Morbidelli,MONSTER ENERGY YAMAHA MOTOGP,2426.619
16,0,A. Dovizioso,WITHU YAMAHA RNF MOTOGP TEAM,2431.065
17,0,A. Marquez,LCR HONDA CASTROL,2431.359
18,0,R. Gardner,TECH3 KTM FACTORY RACING,2434.839
19,0,S. Bradl,REPSOL HONDA TEAM,2439.033
20,0,D. Binder,WITHU YAMAHA RNF MOTOGP TEAM,2443.913
21,0,R. Fernandez,TECH3 KTM FACTORY RACING,2445.861
22,0,F. Giannantonio,GRESINI RACING MOTOGP,2446.720
@,dirka,ger,2022
1,25,F. Quartararo,MONSTER ENERGY YAMAHA MOTOGP,2472.816
2,20,J. Zarco,PRIMA PRAMAC RACING,2477.755
3,16,J. Miller,DUCATI LENOVO TEAM,2481.188
4,13,A. Espargaro,APRILIA RACING,2481.929
5,11,L. Marini,MOONEY VR46 RACING TEAM,2484.495
6,10,J. Martin,PRIMA PRAMAC RACING,2485.980
7,9,B. Binder,RED BULL KTM FACTORY RACING,2488.221
8,8,F. Giannantonio,GRESINI RACING MOTOGP,2488.667
9,7,M. Oliveira,RED BULL KTM FACTORY RACING,2492.556
10,6,E. Bastianini,GRESINI RACING MOTOGP,2494.427
11,5,M. Bezzecchi,MOONEY VR46 RACING TEAM,2495.991
12,4,R. Fernandez,TECH3 KTM FACTORY RACING,2499.364
13,3,F. Morbidelli,MONSTER ENERGY YAMAHA MOTOGP,2501.830
14,2,A. Dovizioso,WITHU YAMAHA RNF MOTOGP TEAM,2503.496
15,1,R. Gardner,TECH3 KTM FACTORY RACING,2503.628
16,0,S. Bradl,REPSOL HONDA TEAM,2524.856
@,dirka,ned,2022
1,25,F. Bagnaia,DUCATI LENOVO TEAM,2425.205
2,20,M. Bezzecchi,MOONEY VR46 RACING TEAM,2425.649
3,16,M. Vinales,APRILIA RACING,2426.414
4,13,A. Espargaro,APRILIA RACING,2427.790
5,11,B. Binder,RED BULL KTM FACTORY RACING,2427.926
6,10,J. Miller,DUCATI LENOVO TEAM,2428.250
7,9,J. Martin,PRIMA PRAMAC RACING,2429.545
8,8,J. Mir,TEAM SUZUKI ECSTAR,2433.390
9,7,M. Oliveira,RED BULL KTM FACTORY RACING,2433.530
10,6,A. Rins,TEAM SUZUKI ECSTAR,2433.801
11,5,E. Bastianini,GRESINI RACING MOTOGP,2434.988
12,4,T. Nakagami,LCR HONDA IDEMITSU,2435.822
13,3,J. Zarco,PRIMA PRAMAC RACING,2439.610
14,2,F. Giannantonio,GRESINI RACING MOTOGP,2442.886
15,1,A. Marquez,LCR HONDA CASTROL,2451.071
16,0,A. Dovizioso,WITHU YAMAHA RNF MOTOGP TEAM,2454.916
17,0,L. Marini,MOONEY VR46 RACING TEAM,2455.501
18,0,S. Bradl,REPSOL HONDA TEAM,2457.430
19,0,R. Gardner,TECH3 KTM FACTORY RACING,2460.152
20,0,L. Savadori,APRILIA RACING,2461.003
@,dirka,ita,2022
1,25,F. Bagnaia,DUCATI LENOVO TEAM,2478.923
2,20,F. Quartararo,MONSTER ENERGY YAMAHA MOTOGP,2479.558
3,16,A. Espargaro,APRILIA RACING,2480.906
4,13,J. Zarco,PRIMA PRAMAC RACING,2481.513
5,11,M. Bezzecchi,MOONEY VR46 RACING TEAM,2481.990
6,10,L. Marini,MOONEY VR46 RACING TEAM,2482.798
7,9,B. Binder,RED BULL KTM FACTORY RACING,2482.990
8,8,T. Nakagami,LCR HONDA IDEMITSU,2489.867
9,7,M. Oliveira,RED BULL KTM FACTORY RACING,2490.179
10,6,M. Marquez,REPSOL HONDA TEAM,2490.723
11,5,F. Giannantonio,GRESINI RACING MOTOGP,2491.839
12,4,M. Vinales,APRILIA RACING,2491.840
13,3,J. Martin,PRIMA PRAMAC RACING,2496.163
14,2,A. Marquez,LCR HONDA CASTROL,2496.491
15,1,J. Miller,DUCATI LENOVO TEAM,2496.610
16,0,D. Binder,WITHU YAMAHA RNF MOTOGP TEAM,2499.188
17,0,F. Morbidelli,MONSTER ENERGY YAMAHA MOTOGP,2499.219
18,0,M. Pirro,ARUBA.IT RACING,2500.228
19,0,R. Gardner,TECH3 KTM FACTORY RACING,2509.471
20,0,A. Dovizioso,WITHU YAMAHA RNF MOTOGP TEAM,2509.934
21,0,R. Fernandez,TECH3 KTM FACTORY RACING,2521.646
22,0,L. Savadori,APRILIA RACING,2478.923
@,dirka,cat,2022
1,25,F. Quartararo,MONSTER ENERGY YAMAHA MOTOGP,2429.360
2,20,J. Martin,PRIMA PRAMAC RACING,2435.833
3,16,J. Zarco,PRIMA PRAMAC RACING,2437.745
4,13,J. Mir,TEAM SUZUKI ECSTAR,2440.841
5,11,A. Espargaro,APRILIA RACING,2443.755
6,10,L. Marini,MOONEY VR46 RACING TEAM,2444.790
7,9,M. Vinales,APRILIA RACING,2445.335
8,8,B. Binder,RED BULL KTM FACTORY RACING,2450.796
9,7,M. Oliveira,RED BULL KTM FACTORY RACING,2456.160
10,6,A. Marquez,LCR HONDA CASTROL,2459.820
11,5,R. Gardner,TECH3 KTM FACTORY RACING,2461.803
12,4,D. Binder,WITHU YAMAHA RNF MOTOGP TEAM,2462.241
13,3,F. Morbidelli,MONSTER ENERGY YAMAHA MOTOGP,2462.528
14,2,J. Miller,DUCATI LENOVO TEAM,2464.053
15,1,R. Fernandez,TECH3 KTM FACTORY RACING,2467.204
16,0,M. Pirro,ARUBA.IT RACING,2473.893
17,0,P. Espargaro,REPSOL HONDA TEAM,2475.559
@,dirka,fra,2022
1,25,E. Bastianini,GRESINI RACING MOTOGP,2494.613
2,20,J. Miller,DUCATI LENOVO TEAM,2497.331
3,16,A. Espargaro,APRILIA RACING,2498.795
4,13,F. Quartararo,MONSTER ENERGY YAMAHA MOTOGP,2498.901
5,11,J. Zarco,PRIMA PRAMAC RACING,2505.752
6,10,M. Marquez,REPSOL HONDA TEAM,2509.768
7,9,T. Nakagami,LCR HONDA IDEMITSU,2511.293
8,8,B. Binder,RED BULL KTM FACTORY RACING,2513.072
9,7,L. Marini,MOONEY VR46 RACING TEAM,2515.154
10,6,M. Vinales,APRILIA RACING,2516.099
11,5,P. Espargaro,REPSOL HONDA TEAM,2517.320
12,4,M. Bezzecchi,MOONEY VR46 RACING TEAM,2518.021
13,3,F. Giannantonio,GRESINI RACING MOTOGP,2521.045
14,2,A. Marquez,LCR HONDA CASTROL,2523.323
15,1,F. Morbidelli,MONSTER ENERGY YAMAHA MOTOGP,2524.046
16,0,A. Dovizioso,WITHU YAMAHA RNF MOTOGP TEAM,2532.762
17,0,D. Binder,WITHU YAMAHA RNF MOTOGP TEAM,2554.361
@,dirka,spa,2022
1,25,F. Bagnaia,DUCATI LENOVO TEAM,2460.554
2,20,F. Quartararo,MONSTER ENERGY YAMAHA MOTOGP,2460.839
3,16,A. Espargaro,APRILIA RACING,2471.531
4,13,M. Marquez,REPSOL HONDA TEAM,2473.230
5,11,J. Miller,DUCATI LENOVO TEAM,2473.511
6,10,J. Mir,TEAM SUZUKI ECSTAR,2474.488
7,9,T. Nakagami,LCR HONDA IDEMITSU,2475.483
8,8,E. Bastianini,GRESINI RACING MOTOGP,2478.990
9,7,M. Bezzecchi,MOONEY VR46 RACING TEAM,2479.384
10,6,B. Binder,RED BULL KTM FACTORY RACING,2480.610
11,5,P. Espargaro,REPSOL HONDA TEAM,2481.410
12,4,M. Oliveira,RED BULL KTM FACTORY RACING,2483.685
13,3,A. Marquez,LCR HONDA CASTROL,2485.860
14,2,M. Vinales,APRILIA RACING,2487.912
15,1,F. Morbidelli,MONSTER ENERGY YAMAHA MOTOGP,2488.073
16,0,L. Marini,MOONEY VR46 RACING TEAM,2489.832
17,0,A. Dovizioso,WITHU YAMAHA RNF MOTOGP TEAM,2495.758
18,0,F. Giannantonio,GRESINI RACING MOTOGP,2495.915
19,0,A. Rins,TEAM SUZUKI ECSTAR,2499.476
20,0,R. Gardner,TECH3 KTM FACTORY RACING,2503.932
21,0,L. Savadori,APRILIA RACING,2504.853
22,0,J. Martin,PRIMA PRAMAC RACING,2528.235
@,dirka,ame,2022
1,25,E. Bastianini,GRESINI RACING MOTOGP,2483.111
2,20,A. Rins,TEAM SUZUKI ECSTAR,2485.169
3,16,J. Miller,DUCATI LENOVO TEAM,2485.423
4,13,J. Mir,TEAM SUZUKI ECSTAR,2487.086
5,11,F. Bagnaia,DUCATI LENOVO TEAM,2489.156
6,10,M. Marquez,REPSOL HONDA TEAM,2489.728
7,9,F. Quartararo,MONSTER ENERGY YAMAHA MOTOGP,2489.871
8,8,J. Martin,PRIMA PRAMAC RACING,2491.552
9,7,J. Zarco,PRIMA PRAMAC RACING,2495.486
10,6,M. Vinales,APRILIA RACING,2495.753
11,5,A. Espargaro,APRILIA RACING,2496.058
12,4,B. Binder,RED BULL KTM FACTORY RACING,2496.487
13,3,P. Espargaro,REPSOL HONDA TEAM,2501.072
14,2,T. Nakagami,LCR HONDA IDEMITSU,2501.881
15,1,A. Dovizioso,WITHU YAMAHA RNF MOTOGP TEAM,2512.430
16,0,F. Morbidelli,MONSTER ENERGY YAMAHA MOTOGP,2512.240
17,0,L. Marini,MOONEY VR46 RACING TEAM,2512.741
18,0,M. Oliveira,RED BULL KTM FACTORY RACING,2515.113
19,0,R. Fernandez,TECH3 KTM FACTORY RACING,2520.173
20,0,R. Gardner,TECH3 KTM FACTORY RACING,2525.553
21,0,F. Giannantonio,GRESINI RACING MOTOGP,2525.998
22,0,D. Binder,WITHU YAMAHA RNF MOTOGP TEAM,2585.282
@,dirka,por,2022
1,25,F. Quartararo,MONSTER ENERGY YAMAHA MOTOGP,2499.611
2,20,J. Zarco,PRIMA PRAMAC RACING,2505.020
3,16,A. Espargaro,APRILIA RACING,2505.679
4,13,A. Rins,TEAM SUZUKI ECSTAR,2509.244
5,11,M. Oliveira,RED BULL KTM FACTORY RACING,2513.184
6,10,M. Marquez,REPSOL HONDA TEAM,2515.774
7,9,A. Marquez,LCR HONDA CASTROL,2515.794
8,8,F. Bagnaia,DUCATI LENOVO TEAM,2516.122
9,7,P. Espargaro,REPSOL HONDA TEAM,2516.380
10,6,M. Vinales,APRILIA RACING,2517.674
11,5,A. Dovizioso,WITHU YAMAHA RNF MOTOGP TEAM,2528.640
12,4,L. Marini,MOONEY VR46 RACING TEAM,2528.860
13,3,F. Morbidelli,MONSTER ENERGY YAMAHA MOTOGP,2532.965
14,2,R. Gardner,TECH3 KTM FACTORY RACING,2539.816
15,1,M. Bezzecchi,MOONEY VR46 RACING TEAM,2545.663
16,0,T. Nakagami,LCR HONDA IDEMITSU,2549.180
17,0,D. Binder,WITHU YAMAHA RNF MOTOGP TEAM,2549.914
@,dirka,qat,2022
1,25,E. Bastianini,GRESINI RACING MOTOGP,2533.198
2,20,B. Binder,RED BULL KTM FACTORY RACING,2533.544
3,16,P. Espargaro,REPSOL HONDA TEAM,2534.549
4,13,A. Espargaro,APRILIA RACING,2535.440
5,11,M. Marquez,REPSOL HONDA TEAM,2537.297
6,10,J. Mir,TEAM SUZUKI ECSTAR,2538.041
7,9,A. Rins,TEAM SUZUKI ECSTAR,2542.008
8,8,J. Zarco,PRIMA PRAMAC RACING,2543.734
9,7,F. Quartararo,MONSTER ENERGY YAMAHA MOTOGP,2543.741
10,6,T. Nakagami,LCR HONDA IDEMITSU,2548.165
11,5,F. Morbidelli,MONSTER ENERGY YAMAHA MOTOGP,2549.910
12,4,M. Vinales,APRILIA RACING,2556.414
13,3,L. Marini,MOONEY VR46 RACING TEAM,2560.481
14,2,A. Dovizioso,WITHU YAMAHA RNF MOTOGP TEAM,2560.572
15,1,R. Gardner,TECH3 KTM FACTORY RACING,2574.305
16,0,D. Binder,WITHU YAMAHA RNF MOTOGP TEAM,2574.317
17,0,F. Giannantonio,GRESINI RACING MOTOGP,2574.547
18,0,R. Fernandez,TECH3 KTM FACTORY RACING,2575.555
@,dirka,mal,2024
1,25,F. Bagnaia,DUCATI LENOVO TEAM,2284.563
2,20,J. Martin,PRIMA PRAMAC RACING,2287.704
3,16,E. Bastianini,DUCATI LENOVO TEAM,2295.047
4,13,A. Marquez,GRESINI RACING MOTOGP,2296.793
5,11,P. Acosta,RED BULL GASGAS TECH3,2298.262
6,10,F. Quartararo,MONSTER ENERGY YAMAHA MOTOGP TEAM,2300.808
7,9,M. Viales,APRILIA RACING,2304.010
8,8,A. Rins,MONSTER ENERGY YAMAHA MOTOGP TEAM,2305.174
9,7,M. Bezzecchi,PERTAMINA ENDURO VR46 RACING TEAM,2306.557
10,6,A. Fernandez,RED BULL GASGAS TECH3,2306.737
11,5,J. Zarco,CASTROL HONDA LCR,2310.188
12,4,M. Marquez,GRESINI RACING MOTOGP,2311.839
13,3,A. Espargaro,APRILIA RACING,2312.167
14,2,F. Morbidelli,PRIMA PRAMAC RACING,2312.512
15,1,L. Marini,REPSOL HONDA TEAM,2313.401
16,0,R. Fernandez,TRACKHOUSE RACING,2323.410
17,0,A. Iannone,PERTAMINA ENDURO VR46 RACING TEAM,2332.162
18,0,L. Savadori,TRACKHOUSE RACING,2333.519
@,dirka,mal,2024
1,25,F. Bagnaia,DUCATI LENOVO TEAM,2284.563
2,20,J. Martin,PRIMA PRAMAC RACING,2287.704
3,16,E. Bastianini,DUCATI LENOVO TEAM,2295.047
4,13,A. Marquez,GRESINI RACING MOTOGP,2296.793
5,11,P. Acosta,RED BULL GASGAS TECH3,2298.262
6,10,F. Quartararo,MONSTER ENERGY YAMAHA MOTOGP TEAM,2300.808
7,9,M. Viales,APRILIA RACING,2304.010
8,8,A. Rins,MONSTER ENERGY YAMAHA MOTOGP TEAM,2305.174
9,7,M. Bezzecchi,PERTAMINA ENDURO VR46 RACING TEAM,2306.557
@,dirka,mal,2024
1,25,F. Bagnaia,DUCATI LENOVO TEAM,2284.563
2,20,J. Martin,PRIMA PRAMAC RACING,2287.704
3,16,E. Bastianini,DUCATI LENOVO TEAM,2295.047
4,13,A. Marquez,GRESINI RACING MOTOGP,2296.793
5,11,P. Acosta,RED BULL GASGAS TECH3,2298.262
6,10,F. Quartararo,MONSTER ENERGY YAMAHA MOTOGP TEAM,2300.808
7,9,M. Viales,APRILIA RACING,2304.010
8,8,A. Rins,MONSTER ENERGY YAMAHA MOTOGP TEAM,2305.174
9,7,M. Bezzecchi,PERTAMINA ENDURO VR46 RACING TEAM,2306.557
10,6,A. Fernandez,RED BULL GASGAS TECH3,2306.737
11,5,J. Zarco,CASTROL HONDA LCR,2310.188
12,4,M. Marquez,GRESINI RACING MOTOGP,2311.839
13,3,A. Espargaro,APRILIA RACING,2312.167
14,2,F. Morbidelli,PRIMA PRAMAC RACING,2312.512
15,1,L. Marini,REPSOL HONDA TEAM,2313.401
16,0,R. Fernandez,TRACKHOUSE RACING,2323.410
17,0,A. Iannone,PERTAMINA ENDURO VR46 RACING TEAM,2332.162
18,0,L. Savadori,TRACKHOUSE RACING,2333.519
